id,timestamp,customer_id,merchant_category,city,amount,historical_avg_amount,txn_count_24h,ip_risk_score,card_present,is_fraud
1,2025-08-31T14:09:37.486126,CUST6734,Target,Chicago,377.6674182531257,476.3428670767598,11,0.45924889196586716,0,0
2,2025-08-31T14:08:37.486570,CUST1769,McDonalds,LA,603.1094366844927,359.87483734210184,1,0.3042422429595377,1,1
3,2025-08-31T14:07:37.486614,CUST3558,Target,Houston,12.030973693618819,31.069964019879563,16,0.23277134043030423,1,0
4,2025-08-31T14:06:37.486640,CUST2528,Shell,Miami,786.2500815860485,115.84341543601268,19,0.6803075385877797,0,0
5,2025-08-31T14:05:37.486664,CUST9433,Target,NY,69.72633502035312,475.46505788159993,2,0.6842330265121569,0,0
6,2025-08-31T14:04:37.486687,CUST9226,Amazon,Houston,684.8472012313309,312.79839573565806,18,0.662522284353982,1,0
7,2025-08-31T14:03:37.486711,CUST7873,McDonalds,LA,428.0300951187885,119.81199817673064,10,0.8948273504276488,1,0
8,2025-08-31T14:02:37.486734,CUST2016,ATM,Miami,728.6356358771387,176.73956902680098,18,0.5396921323890798,1,0
9,2025-08-31T14:01:37.486755,CUST8208,ATM,Miami,359.96956006012135,154.84856464994277,1,0.01563640674119393,0,0
10,2025-08-31T14:00:37.486779,CUST6258,Shell,NY,773.3835454501741,115.38352713640276,8,0.7290071680409873,0,1
11,2025-08-31T13:59:37.486801,CUST4099,Amazon,Houston,607.9301749071063,464.6244216864075,2,0.09541011649041131,0,0
12,2025-08-31T13:58:37.486837,CUST9154,Shell,NY,314.4274101070839,176.08799457283857,3,0.1195942459383017,1,0
13,2025-08-31T13:57:37.486860,CUST7938,Amazon,LA,849.6692551447535,366.43017015913915,10,0.4393365018657701,0,0
14,2025-08-31T13:56:37.486882,CUST7019,ATM,Miami,36.27203975830058,325.4769974066146,15,0.7555511385430487,1,0
15,2025-08-31T13:55:37.486903,CUST6915,Target,LA,943.1393027051911,307.45542391449726,13,0.295633685837714,0,0
16,2025-08-31T13:54:37.486924,CUST6450,Target,Houston,872.1032872367791,405.7625969115749,7,0.906828441545754,0,0
17,2025-08-31T13:53:37.486946,CUST6864,Shell,Chicago,231.79548672923198,225.01173854060303,9,0.4848299713589832,0,0
18,2025-08-31T13:52:37.486967,CUST2495,Amazon,Houston,124.26604049701439,182.05528227374143,17,0.06489224710898156,1,0
19,2025-08-31T13:51:37.486988,CUST8280,ATM,NY,962.6350584674007,140.85550199617478,17,0.266781014275285,1,0
20,2025-08-31T13:50:37.487014,CUST8392,Amazon,Chicago,505.1656281127172,44.70980059999489,2,0.5309345833171364,1,0
21,2025-08-31T13:49:37.487035,CUST1202,Shell,NY,985.7222018400477,136.1865303255202,6,0.3677831327192532,1,0
22,2025-08-31T13:48:37.487057,CUST7287,Amazon,NY,983.5060251903687,211.43573237338546,6,0.6958128067908819,0,0
23,2025-08-31T13:47:37.487079,CUST2986,Shell,Houston,592.9384784723006,345.23089368429555,7,0.17436642900499144,0,1
24,2025-08-31T13:46:37.487100,CUST2802,McDonalds,NY,400.5841609820847,268.5206482531904,18,0.9246936182785628,1,0
25,2025-08-31T13:45:37.487121,CUST9815,Amazon,Houston,697.3054773483568,129.70401046270382,17,0.24185229090045168,1,0
26,2025-08-31T13:44:37.487142,CUST8158,Amazon,NY,965.5922545323497,287.98085773140684,3,0.7003578299727713,1,0
27,2025-08-31T13:43:37.487163,CUST2648,McDonalds,Houston,897.6247086528142,445.8014836472563,3,0.3722827665617431,0,0
28,2025-08-31T13:42:37.487185,CUST5433,Target,Chicago,665.1842602625155,22.42956024618497,16,0.9944574626108207,1,0
29,2025-08-31T13:41:37.487206,CUST4987,Shell,NY,713.6183252407982,133.87956199846403,1,0.5425402305548993,0,0
30,2025-08-31T13:40:37.487229,CUST4436,Shell,Chicago,370.87722404413637,147.29713648722822,2,0.3500784076946757,0,0
31,2025-08-31T13:39:37.487250,CUST8996,Shell,Houston,579.0193652032273,256.4084930330547,3,0.768554014306309,1,0
32,2025-08-31T13:38:37.487281,CUST4444,Shell,Houston,181.2251260100137,471.42012048939887,9,0.9530718470239532,0,0
33,2025-08-31T13:37:37.487306,CUST6088,McDonalds,Miami,431.04322757572777,483.99431314096137,1,0.31692200515627766,1,0
34,2025-08-31T13:36:37.487328,CUST6442,Target,LA,375.82343275857903,209.45190406854667,10,0.8773730719279554,0,0
35,2025-08-31T13:35:37.487349,CUST8206,ATM,LA,849.4264459500511,85.57823909217383,3,0.25620694359445806,1,0
36,2025-08-31T13:34:37.487370,CUST5780,McDonalds,NY,913.674349793689,265.44435145325014,8,0.7019668772577033,1,0
37,2025-08-31T13:33:37.487392,CUST6919,Shell,NY,55.51468838419995,445.5762314963168,17,0.03734818874921442,1,1
38,2025-08-31T13:32:37.487416,CUST4124,McDonalds,Houston,306.7491870998567,277.79956505439463,12,0.6228904758190003,1,0
39,2025-08-31T13:31:37.487438,CUST7966,McDonalds,Miami,842.8129596369215,113.30241631753906,18,0.5163003483011953,1,0
40,2025-08-31T13:30:37.487461,CUST6177,Target,Miami,45.86217918403641,211.43403269350136,9,0.6884999007653664,0,0
41,2025-08-31T13:29:37.487482,CUST8805,Amazon,Miami,177.42784847049154,95.0897804821213,1,0.9548652806631941,0,0
42,2025-08-31T13:28:37.487525,CUST9130,McDonalds,LA,658.825771857666,229.1229913653877,16,0.15864644764249103,1,0
43,2025-08-31T13:27:37.487549,CUST3141,McDonalds,Miami,19.32152118660709,75.71486744331979,12,0.017161101831750236,1,1
44,2025-08-31T13:26:37.487570,CUST5452,Target,LA,494.1577957412482,247.26644997467153,5,0.8866803872980475,1,0
45,2025-08-31T13:25:37.487593,CUST5611,Target,NY,377.73955155333886,320.41275954283344,12,0.3881699262065219,1,0
46,2025-08-31T13:24:37.487615,CUST6387,Shell,NY,132.85785146774063,409.3780048332814,1,0.651484771857788,0,0
47,2025-08-31T13:23:37.487637,CUST9945,Shell,NY,199.81217911534995,53.29342442007942,8,0.38539662096556504,1,0
48,2025-08-31T13:22:37.487658,CUST4267,Target,Miami,28.155576057146735,410.9448716426892,18,0.628942846779884,0,0
49,2025-08-31T13:21:37.487681,CUST9867,Target,Miami,43.99039504226803,220.61409522347782,9,0.5685202837499583,0,0
50,2025-08-31T13:20:37.487704,CUST3143,ATM,Houston,990.5526162906699,218.0564849174847,17,0.6798447799002458,0,0
51,2025-08-31T13:19:37.487727,CUST9787,Amazon,Miami,755.770159714259,69.49945704124765,19,0.3892016787341631,1,0
52,2025-08-31T13:18:37.487757,CUST1717,McDonalds,Chicago,958.7487893987824,426.6287091658831,15,0.08328441119525964,0,0
53,2025-08-31T13:17:37.487779,CUST8651,ATM,NY,296.7447178395742,177.75898177755965,7,0.09120610304869037,1,0
54,2025-08-31T13:16:37.487803,CUST8330,ATM,Chicago,974.3769674917381,498.046996174558,11,0.11706701642760586,1,1
55,2025-08-31T13:15:37.487824,CUST2542,ATM,LA,689.5898601241639,421.74265963393947,9,0.8218600592903562,1,0
56,2025-08-31T13:14:37.487846,CUST2365,McDonalds,NY,150.87179758356535,266.3965609723486,7,0.9860010638228709,1,0
57,2025-08-31T13:13:37.487867,CUST3923,Shell,LA,353.46715546681196,359.92697387993593,19,0.11119748230615134,0,0
58,2025-08-31T13:12:37.487888,CUST7619,ATM,NY,257.41376300377306,214.49700165508023,7,0.7460448792654233,0,0
59,2025-08-31T13:11:37.487910,CUST8576,Amazon,Miami,241.31893893600758,212.10698857857193,6,0.8021092490267341,0,0
60,2025-08-31T13:10:37.487933,CUST6348,McDonalds,Chicago,970.0294325741008,40.716757736276534,19,0.969302535619099,1,0
61,2025-08-31T13:09:37.487954,CUST4584,ATM,Chicago,170.38435474970666,124.06837116151578,16,0.7371007058430192,0,0
62,2025-08-31T13:08:37.487975,CUST8575,McDonalds,Miami,284.5583736442692,476.1975123567482,8,0.16967990389556553,1,0
63,2025-08-31T13:07:37.487996,CUST5964,Amazon,Houston,466.37991291528226,189.60906945250537,17,0.2797635071689457,0,0
64,2025-08-31T13:06:37.488034,CUST2581,Shell,Miami,814.726044608414,348.67096282586203,6,0.949799913291924,1,0
65,2025-08-31T13:05:37.488056,CUST9989,Target,Chicago,583.2568080749221,461.2047448810686,13,0.16483426113700095,1,1
66,2025-08-31T13:04:37.488078,CUST8449,Amazon,Chicago,379.58105004365933,409.0655987752798,17,0.8383287047111379,1,0
67,2025-08-31T13:03:37.488100,CUST3000,ATM,Miami,41.63775829781142,84.24901702430392,6,0.9131657522576428,0,1
68,2025-08-31T13:02:37.488121,CUST8245,Amazon,NY,770.1424781046079,473.48755034356543,19,0.2747317970259088,1,0
69,2025-08-31T13:01:37.488142,CUST4419,Target,LA,232.4995914759454,342.41632851481125,2,0.4762106967890142,0,0
70,2025-08-31T13:00:37.488299,CUST9580,Shell,NY,522.5626836064334,429.04712015289925,17,0.13401522845064073,0,0
71,2025-08-31T12:59:37.488328,CUST5530,McDonalds,LA,423.4330997717497,396.6407666932686,6,0.6080878495418852,1,0
72,2025-08-31T12:58:37.488355,CUST2331,Amazon,NY,395.28282487423365,229.98796257138994,15,0.39654278232127016,0,0
73,2025-08-31T12:57:37.488377,CUST1137,Amazon,LA,525.9842646349362,354.8680983168624,17,0.25824438829895835,1,0
74,2025-08-31T12:56:37.488398,CUST7269,Shell,Chicago,50.631960072609786,317.9867285226038,16,0.34156321045654503,0,0
75,2025-08-31T12:55:37.488419,CUST7031,McDonalds,Houston,133.23532330109597,81.46200269973077,3,0.8743176048544171,0,0
76,2025-08-31T12:54:37.488442,CUST8570,ATM,Miami,669.219949828422,102.71353817678232,18,0.2785903390319586,0,0
77,2025-08-31T12:53:37.488463,CUST1523,Target,LA,36.645658077739306,283.3833484195561,17,0.5034172708548569,0,0
78,2025-08-31T12:52:37.488486,CUST7493,Shell,Miami,324.97485085662885,64.29948138979812,17,0.2768776481472037,0,0
79,2025-08-31T12:51:37.488507,CUST1302,Target,Houston,89.09442264227852,306.6934794826067,14,0.4625347161331479,0,0
80,2025-08-31T12:50:37.488531,CUST6122,Shell,Houston,67.02965569868525,90.91476411498881,13,0.8672149810747233,1,0
81,2025-08-31T12:49:37.488552,CUST9905,Amazon,NY,534.9541801227481,136.38584174467024,7,0.08920432871205619,1,0
82,2025-08-31T12:48:37.488573,CUST8561,Shell,NY,124.16332116015496,447.45309475514955,13,0.4795821017542502,1,0
83,2025-08-31T12:47:37.488594,CUST7891,Shell,LA,539.421009109455,301.68373665002196,9,0.3374468338719181,1,0
84,2025-08-31T12:46:37.488615,CUST1876,ATM,NY,647.6876551249433,293.9735862410777,1,0.00753436313407474,0,0
85,2025-08-31T12:45:37.488636,CUST7986,Amazon,Chicago,157.09484348841036,138.0597096245639,19,0.018242481428361046,0,0
86,2025-08-31T12:44:37.488657,CUST9195,Amazon,Chicago,982.4667238240634,73.77867304066513,2,0.5567628930139298,1,0
87,2025-08-31T12:43:37.488678,CUST9915,Amazon,Houston,479.2363867057799,422.5196281772599,17,0.5298400231811167,0,0
88,2025-08-31T12:42:37.488701,CUST5234,McDonalds,Miami,612.5669422294244,158.54266555532277,11,0.5938830975578988,1,0
89,2025-08-31T12:41:37.488722,CUST3219,Target,Miami,339.92125680295095,84.51904493070764,8,0.8098744458546349,0,1
90,2025-08-31T12:40:37.488745,CUST4490,Amazon,Miami,143.13064957481026,21.301231718878242,12,0.4085182929359169,0,0
91,2025-08-31T12:39:37.488768,CUST3560,McDonalds,Miami,732.213137827626,470.40341927409816,8,0.8279408871774919,0,0
92,2025-08-31T12:38:37.488798,CUST3898,Shell,LA,205.6191834475058,98.55485257553816,4,0.3161965822964946,1,0
93,2025-08-31T12:37:37.488819,CUST7943,Shell,Miami,395.4828818855222,411.967730946357,6,0.539781061914633,0,0
94,2025-08-31T12:36:37.488841,CUST5033,ATM,Chicago,505.20678814201676,131.4620936704723,7,0.11689804070836407,1,0
95,2025-08-31T12:35:37.488862,CUST8667,ATM,NY,336.15170698292184,370.6635856684647,7,0.5731508492573887,0,0
96,2025-08-31T12:34:37.488883,CUST1950,Amazon,Houston,155.91650533408742,169.62659254186315,2,0.7624586857406905,0,0
97,2025-08-31T12:33:37.488904,CUST7371,ATM,Houston,755.862115400816,69.39969475718961,15,0.7972953657795536,0,0
98,2025-08-31T12:32:37.488925,CUST1094,Shell,Chicago,488.92569458562974,216.29848500103674,4,0.5427244433475962,0,0
99,2025-08-31T12:31:37.488946,CUST7166,Target,Chicago,601.0342179534399,416.8634373483576,12,0.9118524088429647,1,0
100,2025-08-31T12:30:37.488969,CUST1827,Shell,Houston,508.35923549004366,313.49803300863096,12,0.5651331835892089,1,1
101,2025-08-31T12:29:37.488990,CUST9795,Target,NY,791.1342139384662,31.050850298066006,19,0.7364442356247228,1,0
102,2025-08-31T12:28:37.489023,CUST6732,ATM,LA,841.2374338205208,457.1293751627423,14,0.18632087949412068,0,0
103,2025-08-31T12:27:37.489047,CUST6031,ATM,NY,921.2376732042854,437.55025378982157,9,0.2055798083756375,0,0
104,2025-08-31T12:26:37.489157,CUST1536,Target,Chicago,9.608862889579845,180.0796024117492,6,0.34634599436596125,1,0
105,2025-08-31T12:25:37.489213,CUST5971,Shell,Chicago,483.4327931986282,460.8582679708645,7,0.16551331742797382,0,0
106,2025-08-31T12:24:37.489245,CUST5757,Target,Houston,915.2716715627596,193.9490715759839,18,0.6635373720167106,0,0
107,2025-08-31T12:23:37.489267,CUST9533,McDonalds,Miami,975.6636091043425,240.31471424816627,8,0.5021950103312426,0,0
108,2025-08-31T12:22:37.489291,CUST1951,Shell,Miami,313.38724163726783,210.712695419647,17,0.03654966784809488,1,0
109,2025-08-31T12:21:37.489313,CUST6490,Target,LA,837.3819892258713,301.9777300323557,17,0.400763060875326,1,0
110,2025-08-31T12:20:37.489337,CUST9038,Shell,LA,766.5294996609094,69.43111007903144,10,0.8974304098188842,1,0
111,2025-08-31T12:19:37.489359,CUST4462,ATM,NY,411.69050024260594,32.18545071696553,3,0.2310747965880714,0,0
112,2025-08-31T12:18:37.489381,CUST4300,Shell,Chicago,507.98033971050364,305.6235102562019,1,0.5567215847833661,1,0
113,2025-08-31T12:17:37.489402,CUST3538,McDonalds,Houston,103.94418579554844,136.72265167973796,5,0.14108184877771357,1,0
114,2025-08-31T12:16:37.489424,CUST9966,Amazon,Miami,296.6819916097082,450.2411928901375,19,0.1227768896627085,0,1
115,2025-08-31T12:15:37.489445,CUST7852,McDonalds,Chicago,585.1263531648437,222.28378428439902,10,0.8251073314226598,0,0
116,2025-08-31T12:14:37.489466,CUST2279,Amazon,LA,592.3434678022337,148.6705475949806,12,0.2195105250809587,1,0
117,2025-08-31T12:13:37.489487,CUST3679,Shell,NY,764.787765188962,87.25432436789723,18,0.022469308320117398,1,0
118,2025-08-31T12:12:37.489509,CUST8368,Shell,Houston,742.9785095075222,355.44600951723413,13,0.6912218576096544,0,0
119,2025-08-31T12:11:37.489530,CUST6475,Amazon,LA,23.2987231647294,458.8634271490395,17,0.40524808802768875,1,0
120,2025-08-31T12:10:37.489553,CUST3074,Amazon,Chicago,830.5930946886656,119.08221044508954,8,0.25073066056159776,0,1
121,2025-08-31T12:09:37.489576,CUST3969,ATM,Houston,666.7114911735242,104.1782137392558,14,0.046965966775055046,1,0
122,2025-08-31T12:08:37.489613,CUST6490,Target,Miami,958.8340414266545,108.49804192590234,11,0.28869373677069987,1,1
123,2025-08-31T12:07:37.489635,CUST2333,Target,Miami,915.9361089054545,366.3357733385147,1,0.2699112223921949,0,0
124,2025-08-31T12:06:37.489657,CUST8101,Shell,Miami,265.95272407832596,305.63740673612233,11,0.3342438908169608,1,1
125,2025-08-31T12:05:37.489678,CUST6760,Amazon,Miami,476.8661221568678,185.30419138123196,11,0.5982860582681546,0,0
126,2025-08-31T12:04:37.489699,CUST9363,Shell,LA,250.17002307291128,413.1691124836159,12,0.3609738969400268,1,0
127,2025-08-31T12:03:37.489720,CUST4640,Amazon,Houston,808.3931005576774,481.8074171667765,16,0.8729458358764083,1,0
128,2025-08-31T12:02:37.489742,CUST8119,Amazon,LA,640.7546384075905,384.3372058586479,12,0.22120944181960223,1,0
129,2025-08-31T12:01:37.489763,CUST5806,Amazon,LA,56.337827625416445,341.5603829840188,7,0.03394597858579884,0,1
130,2025-08-31T12:00:37.489786,CUST2500,Target,Houston,732.3685531009902,112.44753333710261,7,0.4551436850361561,0,0
131,2025-08-31T11:59:37.489807,CUST8138,McDonalds,Houston,829.770896779924,37.76366466343646,13,0.07695320162920916,0,0
132,2025-08-31T11:58:37.489829,CUST9230,Amazon,Houston,532.6138069717257,231.69543763911759,13,0.6258913764370091,1,0
133,2025-08-31T11:57:37.489850,CUST9930,Target,LA,429.68297137159004,440.79938137397573,13,0.528937134027212,1,0
134,2025-08-31T11:56:37.489873,CUST3032,ATM,Miami,932.9269598781266,53.61425875878609,12,0.6275054632183701,1,1
135,2025-08-31T11:55:37.489894,CUST9190,McDonalds,Miami,275.32853621365905,211.1779443083051,1,0.23877714576830233,0,1
136,2025-08-31T11:54:37.489915,CUST1145,ATM,NY,469.9742127049643,162.56138069834347,16,0.01787393473341381,1,0
137,2025-08-31T11:53:37.489936,CUST2828,ATM,Miami,49.87517383422156,72.54444736597527,11,0.5885542289732454,0,0
138,2025-08-31T11:52:37.489957,CUST2868,Target,NY,879.7227160243539,473.47137069987696,7,0.9911686261369765,0,0
139,2025-08-31T11:51:37.489980,CUST4564,Target,Chicago,404.57233524336004,422.1563529359578,2,0.38409061149124957,0,0
140,2025-08-31T11:50:37.490004,CUST2796,Amazon,NY,190.50607083353324,394.2005473120416,3,0.597274072430341,0,0
141,2025-08-31T11:49:37.490025,CUST8312,Shell,Chicago,178.02577297338985,210.1961690732762,6,0.6229373829351187,0,0
142,2025-08-31T11:48:37.490056,CUST2290,Amazon,Chicago,539.2895507789465,304.6111687240175,9,0.04437666353323677,1,0
143,2025-08-31T11:47:37.490079,CUST1954,Target,Houston,862.8169791791233,408.5677158679415,15,0.005082139818025966,0,0
144,2025-08-31T11:46:37.490100,CUST4020,McDonalds,Miami,724.803013120142,258.02035283781,13,0.8512069140487687,1,1
145,2025-08-31T11:45:37.490122,CUST2591,Target,Chicago,883.491737791774,267.71792981293595,13,0.2670282701694213,1,0
146,2025-08-31T11:44:37.490143,CUST2704,ATM,Chicago,523.6540106195129,436.71718594474254,13,0.6974714616692836,1,0
147,2025-08-31T11:43:37.490164,CUST1556,Target,NY,110.30492335944108,355.5155542590021,19,0.8790714802281316,1,0
148,2025-08-31T11:42:37.490185,CUST4998,Target,Houston,133.22551813607797,180.8570500443881,2,0.8321341779577419,0,0
149,2025-08-31T11:41:37.490206,CUST2136,Amazon,NY,262.39488904441845,112.70377500190067,8,0.2598035810641598,1,1
150,2025-08-31T11:40:37.490230,CUST6352,Target,Houston,14.027042629461338,412.966121839924,15,0.9320281055100175,0,0
151,2025-08-31T11:39:37.490251,CUST8491,Shell,NY,789.8629469613905,103.40166814763207,12,0.0673506014687717,1,0
152,2025-08-31T11:38:37.490272,CUST7353,Target,Miami,476.2060189929131,47.80182106822318,12,0.7496518317429247,0,1
153,2025-08-31T11:37:37.490293,CUST8813,Shell,Chicago,596.4238799324025,204.13388499469846,2,0.2736266662816659,0,1
154,2025-08-31T11:36:37.490315,CUST4342,ATM,Miami,944.5821167830408,69.0529374529851,11,0.2207696127887604,1,0
155,2025-08-31T11:35:37.490336,CUST4778,Amazon,Houston,773.9586661167205,130.42576785508828,15,0.4197273169261223,0,0
156,2025-08-31T11:34:37.490359,CUST6626,Amazon,LA,964.6978699088575,384.84515765028664,6,0.22995460589108618,0,0
157,2025-08-31T11:33:37.490380,CUST6390,McDonalds,Chicago,204.35734783096908,436.69895047545486,8,0.15924573827926447,0,0
158,2025-08-31T11:32:37.490401,CUST4633,McDonalds,Chicago,869.2800521158327,392.76648934003606,12,0.032526179491251916,1,0
159,2025-08-31T11:31:37.490423,CUST2875,McDonalds,NY,967.6737072957088,109.02025984479408,6,0.22554014244373544,1,0
160,2025-08-31T11:30:37.490446,CUST6463,Shell,Miami,68.88789238975842,299.34627291891144,17,0.011620539908100636,1,0
161,2025-08-31T11:29:37.490467,CUST9357,Shell,Miami,682.0543432275286,209.86164026238495,1,0.952648638038717,0,0
162,2025-08-31T11:28:37.490496,CUST7731,Amazon,Houston,44.42073122161536,250.6433346837579,1,0.5596486834869141,1,0
163,2025-08-31T11:27:37.490520,CUST2949,Amazon,Miami,941.5313167112246,54.75981063024392,7,0.13271575404306035,0,0
164,2025-08-31T11:26:37.490541,CUST1105,McDonalds,NY,204.8547944129827,352.73309159488684,8,0.6364302495436367,0,0
165,2025-08-31T11:25:37.490562,CUST1552,Target,Houston,896.7401961716131,305.4927859409293,8,0.9473504626310387,1,0
166,2025-08-31T11:24:37.490583,CUST1458,McDonalds,Houston,802.7194426544429,182.9360924205469,6,0.8172977699624937,1,0
167,2025-08-31T11:23:37.490604,CUST5109,Shell,LA,483.49931229173995,39.56197092438693,12,0.24710323401014644,0,0
168,2025-08-31T11:22:37.490625,CUST9941,McDonalds,Miami,481.88253393340585,315.55617053227655,8,0.8718327789731212,0,0
169,2025-08-31T11:21:37.490646,CUST8057,Shell,Miami,660.4142366233717,259.1339438975067,9,0.49327684678379957,1,0
170,2025-08-31T11:20:37.490670,CUST7078,Amazon,Houston,203.5447386744994,346.50955636701985,17,0.8682725054083805,0,1
171,2025-08-31T11:19:37.490691,CUST4453,McDonalds,Houston,418.8278293162061,426.1977401691437,18,0.8670314961224486,1,0
172,2025-08-31T11:18:37.490714,CUST2394,Target,Miami,590.1180861996288,34.109333963123504,12,0.3838471518677963,1,0
173,2025-08-31T11:17:37.490736,CUST4591,McDonalds,LA,633.402418992058,371.89425075933485,12,0.37284863718893446,1,0
174,2025-08-31T11:16:37.490760,CUST3365,McDonalds,Miami,185.0720679459423,430.104844817398,15,0.5929183998317819,0,0
175,2025-08-31T11:15:37.490782,CUST9219,Target,Chicago,362.43720255276685,304.61640868876515,5,0.009030404129550251,0,0
176,2025-08-31T11:14:37.490803,CUST4374,Shell,LA,774.6057600581677,82.81935714480792,3,0.4420243737828575,1,0
177,2025-08-31T11:13:37.490838,CUST7276,McDonalds,Chicago,522.1750788132375,181.7615246870174,12,0.7067772168854458,1,0
178,2025-08-31T11:12:37.490862,CUST3734,ATM,Houston,362.45449417666435,202.09212316276341,5,0.7817903298450294,1,0
179,2025-08-31T11:11:37.490884,CUST1619,Shell,Miami,806.6418021853029,300.97009491044105,18,0.9866929803571616,0,0
180,2025-08-31T11:10:37.490906,CUST7262,Shell,Miami,533.5136803610269,469.57073230158153,5,0.10330895712401567,0,1
181,2025-08-31T11:09:37.490927,CUST2239,Shell,Chicago,46.36499475514014,91.20473646180265,2,0.32313065707027855,0,0
182,2025-08-31T11:08:37.490957,CUST4249,McDonalds,Houston,868.578703047422,238.27513070425238,13,0.14354236203939286,1,0
183,2025-08-31T11:07:37.490979,CUST9320,ATM,Miami,205.84418486233363,343.2475679959603,15,0.1771497894473859,1,0
184,2025-08-31T11:06:37.491652,CUST7257,Target,NY,663.324188619291,489.7430179522546,8,0.8646088359550367,0,0
185,2025-08-31T11:05:37.491677,CUST4072,Shell,Miami,35.235124398352674,466.85537384334935,16,0.6512329770414921,1,0
186,2025-08-31T11:04:37.491698,CUST1574,Amazon,NY,351.8307989057606,96.45797371654646,9,0.9933369373586285,0,0
187,2025-08-31T11:03:37.491720,CUST4173,McDonalds,Chicago,783.4735566379821,292.16780527360055,6,0.9013756495884443,0,0
188,2025-08-31T11:02:37.491741,CUST2367,Amazon,Miami,798.8245806143414,229.07999111020783,15,0.6302087483291442,1,0
189,2025-08-31T11:01:37.491762,CUST6592,Amazon,NY,399.1918281512091,353.82425921113384,17,0.44441945275120154,1,0
190,2025-08-31T11:00:37.491787,CUST3989,Amazon,Chicago,77.82994414960142,309.6553248230614,8,0.519081785136218,1,0
191,2025-08-31T10:59:37.491808,CUST6252,Target,Miami,914.6653333717126,410.6078183934015,15,0.5336025467268785,0,0
192,2025-08-31T10:58:37.491829,CUST7570,ATM,Miami,397.39349719925843,283.7188344466176,11,0.00756287497814212,0,0
193,2025-08-31T10:57:37.491850,CUST5146,McDonalds,Miami,75.9238687048881,478.23681441598757,13,0.3516226872396344,1,0
194,2025-08-31T10:56:37.491871,CUST4610,ATM,Houston,170.49994970442643,316.3288435582276,3,0.5809320532627977,1,0
195,2025-08-31T10:55:37.491892,CUST7787,Target,NY,612.2821143943638,363.7523236271329,11,0.12322265417216605,1,0
196,2025-08-31T10:54:37.491914,CUST3359,Amazon,LA,185.5311559571488,272.0784241601889,10,0.9177524891713773,1,0
197,2025-08-31T10:53:37.491935,CUST6495,ATM,LA,486.1279184863251,406.8764238920759,15,0.951403342206657,0,0
198,2025-08-31T10:52:37.491955,CUST4097,Amazon,LA,639.7952797643312,267.28408176019116,10,0.9000231233980112,1,0
199,2025-08-31T10:51:37.491977,CUST7807,Shell,Houston,558.8538726470337,142.70959894845072,7,0.6675498992914705,1,0
200,2025-08-31T10:50:37.492000,CUST1482,McDonalds,LA,767.822854524404,91.8579046193397,1,0.21673980009077565,0,0
201,2025-08-31T10:49:37.492021,CUST8622,Shell,LA,182.55373540163325,169.8904573034221,9,0.39090599590551467,0,0
202,2025-08-31T10:48:37.492052,CUST5358,ATM,LA,63.162341038011135,88.0517088930089,3,0.4427169667795271,0,0
203,2025-08-31T10:47:37.492074,CUST3349,Shell,Houston,719.0097768298854,352.36935263569745,6,0.5783869170064091,0,0
204,2025-08-31T10:46:37.492097,CUST8843,Shell,NY,773.7596138121356,147.14981467363202,8,0.36695607920480067,1,0
205,2025-08-31T10:45:37.492119,CUST4713,McDonalds,Miami,358.22132430277765,53.323444518124816,12,0.23371208191043302,0,0
206,2025-08-31T10:44:37.492140,CUST8979,ATM,LA,274.7916993176839,304.54975599364286,3,0.1903248628190678,1,0
207,2025-08-31T10:43:37.492163,CUST5211,McDonalds,LA,994.1686644150617,337.6828111277017,4,0.9616657359548132,0,0
208,2025-08-31T10:42:37.492184,CUST3493,Amazon,Houston,691.5548663665625,116.44817055634711,17,0.30085310835325507,1,0
209,2025-08-31T10:41:37.492205,CUST5443,Shell,Miami,796.4727109857805,465.04535335013725,8,0.7685998047885084,0,0
210,2025-08-31T10:40:37.492228,CUST8121,Amazon,Miami,842.8231279045392,270.05982909058025,16,0.5068384318204826,1,0
211,2025-08-31T10:39:37.492249,CUST7257,ATM,LA,710.2009742542616,37.356982651885815,9,0.08764274676383854,0,0
212,2025-08-31T10:38:37.492270,CUST8574,Target,Houston,242.86005553627928,264.6676384408151,18,0.5156794276964978,0,0
213,2025-08-31T10:37:37.492291,CUST9435,Target,Houston,787.344576973309,295.801943512528,15,0.39717877742921104,1,0
214,2025-08-31T10:36:37.492313,CUST8629,Shell,Houston,818.3624599487356,202.69918086875845,14,0.08091928305125218,0,0
215,2025-08-31T10:35:37.492334,CUST8373,McDonalds,LA,27.779355851239647,93.81975184065493,10,0.822480563634361,0,0
216,2025-08-31T10:34:37.492355,CUST5917,ATM,Houston,481.9576679371625,170.5892917731661,3,0.9527975276012943,1,0
217,2025-08-31T10:33:37.492376,CUST8137,McDonalds,NY,150.64212220143787,196.4165226999351,15,0.9631151115891738,1,1
218,2025-08-31T10:32:37.492397,CUST9734,McDonalds,LA,777.8400123193342,78.57682501970962,6,0.0003325061204894064,0,0
219,2025-08-31T10:31:37.492420,CUST8154,ATM,Chicago,621.4900151233404,332.0965243511136,2,0.4598004237693202,1,0
220,2025-08-31T10:30:37.492444,CUST9648,Shell,NY,487.1785790837704,382.0417012850543,3,0.07462981433708171,1,0
221,2025-08-31T10:29:37.492465,CUST7907,Amazon,Houston,306.75877182975756,68.50198928511041,4,0.9966968538529768,0,0
222,2025-08-31T10:28:37.492493,CUST1419,McDonalds,LA,236.4823108698676,125.98526229710679,5,0.8866042152404667,1,0
223,2025-08-31T10:27:37.492517,CUST2549,ATM,Miami,655.8054163951381,190.03339541349177,5,0.011031264428647214,1,0
224,2025-08-31T10:26:37.492540,CUST7793,Target,Miami,138.13471759809127,220.91869837948894,1,0.32350039491147375,1,0
225,2025-08-31T10:25:37.492562,CUST5268,McDonalds,NY,244.99545031154378,488.4194023568258,3,0.2658511366543135,0,0
226,2025-08-31T10:24:37.492583,CUST8961,McDonalds,LA,457.10544788716106,425.29139971501564,16,0.7373570773877997,1,1
227,2025-08-31T10:23:37.492604,CUST7164,Target,Miami,811.632498346335,314.75902936867334,17,0.9553346865039283,0,0
228,2025-08-31T10:22:37.492625,CUST4631,ATM,NY,660.3986854764063,472.55894787836564,10,0.9303188848378237,1,0
229,2025-08-31T10:21:37.492646,CUST1775,Shell,NY,902.2531821747464,241.5091830198724,15,0.8893909161288442,0,0
230,2025-08-31T10:20:37.492669,CUST7230,ATM,Miami,520.815981835478,92.08112039218,8,0.08479201604580322,0,0
231,2025-08-31T10:19:37.492690,CUST2668,McDonalds,Miami,660.7403565326624,405.022667901242,8,0.35325140850206416,1,0
232,2025-08-31T10:18:37.492711,CUST9754,Shell,LA,991.6304668259227,485.9599796819217,5,0.5496160437189245,1,0
233,2025-08-31T10:17:37.492733,CUST7511,McDonalds,NY,765.5507989106272,147.22228559600194,8,0.7692231478381336,0,1
234,2025-08-31T10:16:37.492754,CUST2827,McDonalds,NY,976.1108953507985,340.3281910622856,9,0.959826518075929,0,1
235,2025-08-31T10:15:37.492776,CUST9843,Shell,LA,46.741467314478086,484.8746132453042,13,0.5824226582072465,0,0
236,2025-08-31T10:14:37.492798,CUST1521,Amazon,LA,523.1643011250417,315.91986890964006,9,0.3721670238375133,0,0
237,2025-08-31T10:13:37.492819,CUST3461,McDonalds,Miami,552.3414807558653,206.55334334232657,12,0.19747048985993731,1,0
238,2025-08-31T10:12:37.492850,CUST6341,Amazon,Houston,17.65131553695905,496.3593922349457,9,0.5440165791827516,0,0
239,2025-08-31T10:11:37.492872,CUST8527,McDonalds,Chicago,756.2667191025469,241.0589586915872,11,0.26933129830202507,1,0
240,2025-08-31T10:10:37.492895,CUST5558,McDonalds,Chicago,47.95786711802661,99.11111155012982,18,0.2135113663106719,0,0
241,2025-08-31T10:09:37.492917,CUST2724,Amazon,Chicago,154.922727171328,184.3441452961023,19,0.15156937158767358,1,0
242,2025-08-31T10:08:37.492948,CUST7279,Target,LA,873.9563012815037,325.4198499100391,16,0.8117522168657099,1,0
243,2025-08-31T10:07:37.492973,CUST6343,Target,LA,727.8294065374398,496.06877664769445,11,0.31092893000755417,0,1
244,2025-08-31T10:06:37.492994,CUST3159,ATM,NY,734.4059395495265,315.6730161248859,4,0.005229613542912737,1,0
245,2025-08-31T10:05:37.493015,CUST4489,ATM,NY,840.7641603807716,419.68662528658075,11,0.7562646578914526,0,1
246,2025-08-31T10:04:37.493036,CUST3179,ATM,Houston,309.0761944127638,440.7923656775363,10,0.8861957804650745,0,0
247,2025-08-31T10:03:37.493057,CUST5966,ATM,LA,142.13378466343923,338.2601621602363,6,0.16688511785487092,1,1
248,2025-08-31T10:02:37.493079,CUST3563,ATM,Chicago,795.2263446206988,64.63550711510344,5,0.5799837874281313,0,0
249,2025-08-31T10:01:37.493101,CUST1593,Shell,Houston,704.4287237737834,45.34590102489348,19,0.4982556822634536,1,0
250,2025-08-31T10:00:37.493124,CUST6433,ATM,Houston,153.25473746849724,353.79951119746556,19,0.44019899795549056,1,0
251,2025-08-31T09:59:37.493144,CUST1830,McDonalds,NY,126.76487353855205,373.04269111401806,15,0.9983475113929496,1,0
252,2025-08-31T09:58:37.493165,CUST1659,Shell,Houston,302.9462929394272,103.27043564765947,11,0.7399863866856118,1,0
253,2025-08-31T09:57:37.493187,CUST3097,Shell,Miami,589.8305140578873,108.54860150414689,11,0.024191763891355245,1,0
254,2025-08-31T09:56:37.493208,CUST3610,ATM,Chicago,588.5466967277634,354.88190120963606,10,0.8527280198757112,1,0
255,2025-08-31T09:55:37.493229,CUST3096,ATM,LA,873.3665992321788,424.12811206006813,5,0.7060190076640246,1,0
256,2025-08-31T09:54:37.493251,CUST3839,Amazon,Houston,85.19850618833902,369.4108673474073,6,0.057280251077623356,1,0
257,2025-08-31T09:53:37.493272,CUST7868,McDonalds,LA,612.1740237302531,84.96995949328905,7,0.24697879907199982,1,0
258,2025-08-31T09:52:37.493295,CUST3014,Target,NY,788.190969588596,487.9206333349337,13,0.2681390200955134,0,0
259,2025-08-31T09:51:37.493317,CUST3297,Shell,NY,490.13333770501737,36.13452808797567,4,0.315189521097359,0,1
260,2025-08-31T09:50:37.493342,CUST8927,Shell,Houston,350.60660962754844,451.9200059298908,15,0.8821356142820601,0,1
261,2025-08-31T09:49:37.493363,CUST6432,ATM,LA,56.99658988959365,221.02079315559746,18,0.14496507237981704,0,0
262,2025-08-31T09:48:37.493385,CUST6976,ATM,Houston,202.10714459594143,291.35852219437277,9,0.022035160297504186,0,0
263,2025-08-31T09:47:37.493416,CUST4062,Amazon,NY,229.1903453014789,140.46399744334303,2,0.40397787632654825,0,0
264,2025-08-31T09:46:37.493438,CUST2517,Target,NY,72.33002009050158,359.76084667028897,10,0.16577454016327575,1,0
265,2025-08-31T09:45:37.493459,CUST4750,McDonalds,Houston,665.8669749328902,123.7234175289476,10,0.9780618179735285,0,1
266,2025-08-31T09:44:37.493480,CUST6774,ATM,Houston,787.3468083871129,116.6546154252677,14,0.23879621138153928,0,0
267,2025-08-31T09:43:37.493501,CUST3113,Amazon,Chicago,562.3813470830373,380.35016335968663,8,0.2824308986865117,1,0
268,2025-08-31T09:42:37.493524,CUST7744,Shell,LA,500.3234454941188,70.62737597918269,11,0.7756118509253275,0,0
269,2025-08-31T09:41:37.493546,CUST3555,McDonalds,NY,199.63122667929247,109.62718197105991,4,0.27644169058339607,1,1
270,2025-08-31T09:40:37.493570,CUST6223,Target,LA,798.9245888178147,210.06582687797834,6,0.7932613504382544,0,0
271,2025-08-31T09:39:37.493592,CUST2898,Amazon,Houston,615.4057729459804,194.28835358432502,1,0.03338360178638122,1,0
272,2025-08-31T09:38:37.493613,CUST3307,Shell,NY,894.5197614578311,334.0604251159817,12,0.7397303320855406,0,0
273,2025-08-31T09:37:37.493634,CUST4604,ATM,LA,967.2909821828746,220.52527005204786,4,0.9970781570816617,1,0
274,2025-08-31T09:36:37.493655,CUST7274,Amazon,Houston,430.3522394810121,97.8720347755901,2,0.20975294768368136,1,1
275,2025-08-31T09:35:37.493678,CUST1645,Shell,Houston,732.8390078886605,109.95773316683946,12,0.988065566652774,1,0
276,2025-08-31T09:34:37.493699,CUST1587,McDonalds,LA,822.5287132219192,240.44729464314267,16,0.7120140203307808,1,0
277,2025-08-31T09:33:37.493720,CUST7450,Target,LA,91.74357049267202,365.1571747298507,11,0.6511475848816741,1,0
278,2025-08-31T09:32:37.493742,CUST8950,Shell,Chicago,579.36348211477,374.2731792024882,1,0.12626474156450274,1,0
279,2025-08-31T09:31:37.493763,CUST2958,Amazon,Houston,110.81200762449572,171.16140253422446,1,0.83704112524294,0,1
280,2025-08-31T09:30:37.493786,CUST6925,ATM,Chicago,81.69262189170338,183.38244448000395,14,0.7592487330608428,1,0
281,2025-08-31T09:29:37.493807,CUST8374,Target,Chicago,871.8484598517367,387.71109273694526,1,0.8742267241383516,0,0
282,2025-08-31T09:28:37.493828,CUST3597,McDonalds,Miami,562.6384278255377,73.27494522247092,8,0.12884871200025483,0,0
283,2025-08-31T09:27:37.493858,CUST9472,Target,NY,976.916326868106,73.14588479663152,19,0.9727763228920858,0,0
284,2025-08-31T09:26:37.493881,CUST8230,Amazon,Chicago,755.1920940788,406.35525288389056,19,0.872753839566128,1,1
285,2025-08-31T09:25:37.493902,CUST1285,Amazon,NY,222.35096696889056,77.7186687256043,14,0.5983574842977588,0,1
286,2025-08-31T09:24:37.493924,CUST9259,McDonalds,LA,230.2197368697785,370.51815060327004,9,0.33040800387577385,1,0
287,2025-08-31T09:23:37.493945,CUST3524,Amazon,Houston,892.840985648954,108.95848617378293,3,0.26777667548833417,1,1
288,2025-08-31T09:22:37.493966,CUST8851,Amazon,Miami,856.4176133683517,270.293930740923,9,0.9096268194365924,1,1
289,2025-08-31T09:21:37.493987,CUST8468,McDonalds,Houston,869.2087487886873,51.04970888726315,14,0.7738796557301564,0,0
290,2025-08-31T09:20:37.494010,CUST8986,McDonalds,NY,344.11162129089735,99.11584416644578,19,0.23743346837480628,0,0
291,2025-08-31T09:19:37.494031,CUST9770,McDonalds,LA,136.03497127967833,132.40853447143311,2,0.47289713281090484,0,0
292,2025-08-31T09:18:37.494055,CUST4736,Target,NY,508.7347291977267,324.369935060639,12,0.6040716770712192,0,1
293,2025-08-31T09:17:37.494076,CUST3800,Shell,Chicago,144.3239770655511,152.87086773982676,16,0.2806832155159743,1,0
294,2025-08-31T09:16:37.494097,CUST5976,Shell,Houston,592.9131040646863,277.763594408652,1,0.3388606493387516,0,0
295,2025-08-31T09:15:37.494118,CUST7376,Amazon,Miami,441.3457960947483,124.88472048998254,17,0.6170665161178013,1,0
296,2025-08-31T09:14:37.494139,CUST6670,ATM,Chicago,533.9414672814087,442.3340851333568,14,0.9928168389990704,0,0
297,2025-08-31T09:13:37.494160,CUST9210,McDonalds,Miami,929.7795610007485,99.29789088216808,13,0.6079052140907037,1,0
298,2025-08-31T09:12:37.494181,CUST5615,Amazon,Chicago,300.24400289856953,364.8460303129929,14,0.051135381442100725,0,0
299,2025-08-31T09:11:37.494202,CUST5033,McDonalds,NY,830.4396190809241,39.46819402144708,4,0.3690530217609166,0,0
300,2025-08-31T09:10:37.494227,CUST1331,Target,Chicago,598.3399112660665,283.80015522662893,15,0.7498507644364663,1,0
301,2025-08-31T09:09:37.494248,CUST5658,Amazon,NY,670.2297834892995,345.7615792028311,7,0.873698593466345,1,0
302,2025-08-31T09:08:37.494269,CUST1386,Target,NY,639.6877072003157,375.67100013179765,9,0.422034260127639,0,0
303,2025-08-31T09:07:37.494297,CUST6476,ATM,NY,451.60880631633466,60.508342661380325,6,0.8456043629899068,1,0
304,2025-08-31T09:06:37.494322,CUST3120,ATM,LA,852.5820306895779,213.8709748016594,12,0.7983803405183525,0,1
305,2025-08-31T09:05:37.494352,CUST3070,Shell,LA,452.8727443760225,298.04784983385287,4,0.39297422534529125,1,0
306,2025-08-31T09:04:37.494378,CUST4267,ATM,NY,377.68012258502074,100.09289681540136,1,0.9466444339935463,0,0
307,2025-08-31T09:03:37.494399,CUST6546,Shell,Chicago,30.320521106222124,329.99474541751243,17,0.10125991461515893,1,0
308,2025-08-31T09:02:37.494421,CUST2054,McDonalds,NY,607.7503532054269,195.0049895348192,13,0.9720252564965911,1,0
309,2025-08-31T09:01:37.494442,CUST8939,Target,Chicago,32.39903627011816,262.618456597016,14,0.03095579091934353,1,0
310,2025-08-31T09:00:37.494469,CUST7268,ATM,LA,417.07947320658565,209.80844863659888,5,0.8354802363823276,0,0
311,2025-08-31T08:59:37.494490,CUST1785,McDonalds,NY,956.1392348105426,170.70402434112935,17,0.08820170378987069,0,0
312,2025-08-31T08:58:37.494511,CUST8151,McDonalds,Miami,961.329807980555,206.95130955316176,5,0.47787844802224244,0,0
313,2025-08-31T08:57:37.494532,CUST1946,Shell,LA,543.996288347954,385.7128700503376,2,0.25933489731709447,0,0
314,2025-08-31T08:56:37.494554,CUST9491,Shell,Houston,181.28507064550618,263.5742557374762,19,0.1652420504426032,0,0
315,2025-08-31T08:55:37.494575,CUST7652,Amazon,Chicago,143.50071783896703,233.1409996170574,18,0.6234059581594401,0,0
316,2025-08-31T08:54:37.494595,CUST3567,McDonalds,Miami,793.5587850031045,241.49384570591008,17,0.7108847166823191,1,0
317,2025-08-31T08:53:37.494617,CUST9458,ATM,Houston,231.61098742269354,482.7338466394466,11,0.549322479403174,0,0
318,2025-08-31T08:52:37.494638,CUST1882,Shell,LA,795.2396092366583,152.36843276065133,16,0.0936724207059102,1,0
319,2025-08-31T08:51:37.494659,CUST8269,Shell,NY,864.2297849019724,302.5911306230335,15,0.6057553031390567,1,0
320,2025-08-31T08:50:37.494681,CUST4802,Target,Houston,494.863852601176,297.093934031903,19,0.6021169853547795,0,0
321,2025-08-31T08:49:37.494703,CUST2863,McDonalds,Miami,575.6613066982953,478.9026289337279,17,0.6401983115596238,0,0
322,2025-08-31T08:48:37.494724,CUST3490,ATM,Miami,893.6247541694379,49.97964493715429,15,0.6265925110932102,0,0
323,2025-08-31T08:47:37.494753,CUST6845,Shell,Chicago,735.3596137763598,386.04626945320416,10,0.13443512940812186,1,0
324,2025-08-31T08:46:37.494778,CUST1695,Amazon,Chicago,646.2479257354285,413.50294639266923,19,0.20065101740376123,1,0
325,2025-08-31T08:45:37.494800,CUST2088,McDonalds,NY,829.3269529518715,161.41731024617272,5,0.7404761319535191,0,1
326,2025-08-31T08:44:37.494822,CUST9392,Amazon,Houston,10.637485456919434,469.8036936602215,3,0.6136041142374584,1,0
327,2025-08-31T08:43:37.494852,CUST8427,Shell,Chicago,402.10468713335445,367.11175350302216,8,0.11099809879131484,1,0
328,2025-08-31T08:42:37.494874,CUST3130,Shell,LA,579.1554611396012,354.92301251524617,8,0.1129316426860113,1,1
329,2025-08-31T08:41:37.494895,CUST2497,ATM,Houston,795.542966768295,359.40150908801513,2,0.2810044989087136,1,1
330,2025-08-31T08:40:37.494917,CUST4701,ATM,Miami,296.0525156153881,93.11820294297702,7,0.22602899781599972,0,0
331,2025-08-31T08:39:37.494940,CUST8480,Amazon,NY,223.17759211425633,36.161205542658905,10,0.5858647884535192,1,0
332,2025-08-31T08:38:37.494961,CUST7555,McDonalds,Miami,556.8840612949201,325.8036017988344,15,0.5525009674078891,0,0
333,2025-08-31T08:37:37.494982,CUST7046,Target,LA,124.35392455877047,460.0600115371209,2,0.7217215527171793,0,0
334,2025-08-31T08:36:37.495003,CUST8161,ATM,LA,749.9020079555689,172.441661725336,18,0.27616955782089947,1,1
335,2025-08-31T08:35:37.495024,CUST3437,ATM,Houston,896.248092296542,299.9679285502618,11,0.8267146599310183,0,0
336,2025-08-31T08:34:37.495045,CUST3224,McDonalds,Chicago,274.0413199526029,424.50171303706634,5,0.11602268134816929,0,0
337,2025-08-31T08:33:37.495066,CUST8094,Target,Miami,496.344970254644,206.07142661871057,11,0.6663854135782065,0,0
338,2025-08-31T08:32:37.495087,CUST5888,Amazon,Miami,282.04721120918236,82.20831257381214,19,0.6343397397112043,0,0
339,2025-08-31T08:31:37.495108,CUST3587,Amazon,Chicago,52.94508233132975,192.8242236324696,15,0.11097752458514809,1,0
340,2025-08-31T08:30:37.495131,CUST5072,ATM,LA,371.8636350104712,197.51036287384477,5,0.8221798868164233,0,1
341,2025-08-31T08:29:37.495152,CUST4893,Amazon,Houston,721.0555475274778,198.15757509715607,13,0.7540230349283823,0,0
342,2025-08-31T08:28:37.495173,CUST8170,McDonalds,Houston,298.8249701839736,85.56843375256285,12,0.39513090761150327,1,0
343,2025-08-31T08:27:37.495200,CUST1234,Shell,Miami,470.8133705945252,298.00412257986665,17,0.1115122123212764,1,1
344,2025-08-31T08:26:37.495226,CUST4748,Target,NY,546.0866992269061,67.93607414536552,4,0.9488459558311304,0,0
345,2025-08-31T08:25:37.495248,CUST4253,McDonalds,Miami,495.4002615252094,214.05907868233717,11,0.8776470196507814,1,0
346,2025-08-31T08:24:37.495269,CUST4227,Amazon,Houston,521.4371187289009,345.2202883802975,12,0.12555021476265338,0,0
347,2025-08-31T08:23:37.495291,CUST5063,ATM,NY,81.00302026649871,203.63855531390502,1,0.7390265577879587,0,0
348,2025-08-31T08:22:37.495312,CUST7516,McDonalds,Miami,351.35511520244665,198.43486155503854,7,0.8792551148463846,0,1
349,2025-08-31T08:21:37.495333,CUST9835,Shell,Miami,28.47698982230148,451.30909024392287,9,0.9373784381643208,1,0
350,2025-08-31T08:20:37.495355,CUST9707,Target,NY,486.6566843616506,378.7733151664131,5,0.5307373552868359,1,0
351,2025-08-31T08:19:37.495376,CUST1232,Amazon,Chicago,546.7599211362616,482.1288081215389,12,0.6197345714330892,0,1
352,2025-08-31T08:18:37.495397,CUST7410,ATM,Miami,624.3015733581667,395.03449075870645,8,0.6359547071637285,0,0
353,2025-08-31T08:17:37.495418,CUST7707,McDonalds,NY,168.0616186615798,328.5530791040837,15,0.06062892606646819,1,0
354,2025-08-31T08:16:37.495440,CUST6939,Amazon,Chicago,66.89221003387924,90.70546125390577,1,0.9579341210567704,0,1
355,2025-08-31T08:15:37.495461,CUST8557,Target,LA,762.2828644937562,190.04852712370237,14,0.43281600220946925,1,0
356,2025-08-31T08:14:37.495483,CUST1492,Shell,Houston,563.0700910458045,434.7015587528049,1,0.13699906305367138,0,0
357,2025-08-31T08:13:37.495504,CUST3743,Shell,LA,794.1771596267557,429.81676241824016,12,0.25954178317609033,0,0
358,2025-08-31T08:12:37.495526,CUST1619,Shell,Miami,919.7904675498093,104.52582623868544,2,0.6983111572275728,0,0
359,2025-08-31T08:11:37.495547,CUST4212,Target,Houston,523.8523405278646,489.10779583592176,15,0.23203982890110597,0,0
360,2025-08-31T08:10:37.495571,CUST6973,ATM,Houston,668.2674766513861,98.09587702811163,9,0.8354078308421259,1,0
361,2025-08-31T08:09:37.495592,CUST9148,Target,Houston,360.24419725016213,464.57315284725536,8,0.848042089601484,1,0
362,2025-08-31T08:08:37.495613,CUST5444,Shell,Houston,809.2340623581579,141.83411751521353,13,0.0004427814372078842,1,0
363,2025-08-31T08:07:37.495636,CUST3176,Amazon,Miami,292.44051421461984,210.96158024103534,7,0.37172406640234323,1,0
364,2025-08-31T08:06:37.495666,CUST4674,Target,NY,95.26809372375638,35.65661520395192,18,0.992442289374779,0,1
365,2025-08-31T08:05:37.495688,CUST3161,Amazon,LA,566.2536586893501,192.11766153193912,13,0.9743722386792576,0,0
366,2025-08-31T08:04:37.495709,CUST2913,Amazon,NY,508.428118196257,126.00933582224428,2,0.6795499271339084,0,1
367,2025-08-31T08:03:37.495731,CUST1660,Shell,Houston,950.7068747224192,299.1787006348129,19,0.28249606597285226,1,0
368,2025-08-31T08:02:37.495752,CUST8812,ATM,Houston,432.95236214715106,453.80363445206825,10,0.8888874240036297,1,0
369,2025-08-31T08:01:37.495773,CUST1614,McDonalds,NY,208.65670851199752,303.7425455640879,4,0.29524180248964216,0,0
370,2025-08-31T08:00:37.495796,CUST4607,Target,Houston,509.3858357720254,216.5177944721688,3,0.5156594058564534,0,0
371,2025-08-31T07:59:37.495817,CUST1580,ATM,NY,541.3990799723287,155.58676465760178,6,0.054634420000972295,1,0
372,2025-08-31T07:58:37.495838,CUST5307,Shell,Chicago,204.557449817618,117.717621222253,15,0.19111870949600263,1,1
373,2025-08-31T07:57:37.495859,CUST7028,Target,LA,228.17201586861984,338.2626520656428,5,0.7126213330985128,0,0
374,2025-08-31T07:56:37.495880,CUST8214,McDonalds,Miami,275.0813847460292,80.1711083803451,8,0.6610142542473203,0,0
375,2025-08-31T07:55:37.495901,CUST9712,Amazon,Chicago,417.3973669616466,381.83825627322494,10,0.4818674792746166,0,1
376,2025-08-31T07:54:37.495922,CUST3800,Amazon,NY,603.5461099033249,162.34875785884674,19,0.36928077021554107,0,0
377,2025-08-31T07:53:37.495943,CUST2914,Amazon,LA,451.569577517873,96.33200179532543,7,0.8504716147608377,0,0
378,2025-08-31T07:52:37.495966,CUST6260,McDonalds,Houston,277.70123139548,407.3940338560174,3,0.11887439117707199,0,0
379,2025-08-31T07:51:37.495988,CUST5160,Amazon,Chicago,728.4214778073132,289.7949413132341,15,0.5066726489827458,1,0
380,2025-08-31T07:50:37.496010,CUST2907,Shell,LA,735.7717124152135,204.49041849158473,1,0.970257109726057,0,1
381,2025-08-31T07:49:37.496031,CUST5997,Amazon,NY,102.02675401269298,288.31070436789156,17,0.5407345671331042,0,0
382,2025-08-31T07:48:37.496052,CUST2855,Shell,Chicago,507.2716203130055,364.85789471482406,12,0.22672738232996326,0,0
383,2025-08-31T07:47:37.496073,CUST4093,Shell,NY,865.9692801143678,95.49113992626337,5,0.07089157589128536,1,0
384,2025-08-31T07:46:37.496101,CUST5690,Shell,LA,626.749729108964,294.43807190899935,16,0.16281504967686378,0,0
385,2025-08-31T07:45:37.496126,CUST1139,Amazon,NY,551.1143717519691,158.06370994096554,5,0.7326990505902804,1,0
386,2025-08-31T07:44:37.496147,CUST1049,Amazon,Chicago,607.4772427827971,138.62314623746812,5,0.07211109292943518,1,0
387,2025-08-31T07:43:37.496168,CUST4765,Shell,Miami,377.0514417777495,473.33531969326566,18,0.9412724482418516,0,0
388,2025-08-31T07:42:37.496191,CUST7160,Target,LA,980.4668972374742,52.40122240823453,5,0.9789575070411041,0,0
389,2025-08-31T07:41:37.496212,CUST4802,Amazon,Houston,739.1955599104332,358.18612545317376,7,0.2642762631586393,1,0
390,2025-08-31T07:40:37.496235,CUST7309,Target,Chicago,519.2059894325174,375.2774570055023,7,0.17211060282277768,0,0
391,2025-08-31T07:39:37.496256,CUST4554,Target,Miami,951.6661047413381,162.69957934752014,2,0.7037923109905077,1,1
392,2025-08-31T07:38:37.496277,CUST5195,Shell,Houston,254.63858046264698,344.4926182652228,2,0.8660956336116915,0,0
393,2025-08-31T07:37:37.496298,CUST5757,Shell,Miami,121.48071121704781,235.56067760525445,4,0.7011395944174736,0,0
394,2025-08-31T07:36:37.496321,CUST1816,Amazon,Houston,55.23649969034588,321.1935544564541,19,0.9575810150838173,1,0
395,2025-08-31T07:35:37.496343,CUST9367,Amazon,LA,727.0972808122827,316.2795300073883,18,0.7428249749063163,1,0
396,2025-08-31T07:34:37.496364,CUST4676,Shell,NY,97.16235563611036,379.22448784459107,19,0.5894539894846972,0,0
397,2025-08-31T07:33:37.496385,CUST9560,ATM,Houston,549.1415860466643,341.9242521835163,15,0.029504055145205932,0,0
398,2025-08-31T07:32:37.496407,CUST9252,Target,Chicago,218.33445057819873,149.98703745774685,1,0.6728716685980798,1,0
399,2025-08-31T07:31:37.496428,CUST5370,McDonalds,Chicago,375.33938986609314,179.85673846659122,13,0.7867695033571274,0,0
400,2025-08-31T07:30:37.496451,CUST1690,Target,NY,618.6996898132785,376.5831169606107,9,0.20621740508413988,0,0
401,2025-08-31T07:29:37.496472,CUST5744,Target,Chicago,540.6402835394349,149.04968690345288,2,0.6302472194561579,0,0
402,2025-08-31T07:28:37.496494,CUST6738,ATM,Houston,639.7644913713151,420.14870438910003,18,0.8247432373470076,1,0
403,2025-08-31T07:27:37.496515,CUST9326,ATM,Chicago,786.1722255252291,307.4457920381307,4,0.2100293495162816,0,0
404,2025-08-31T07:26:37.496536,CUST8552,ATM,Miami,765.6185244351268,216.64210562047646,5,0.786522382390847,1,0
405,2025-08-31T07:25:37.496566,CUST1802,McDonalds,Miami,665.8982880640234,443.21149368488386,1,0.309806875322469,1,0
406,2025-08-31T07:24:37.496589,CUST1060,Target,Houston,446.08997696958943,285.6224901755588,13,0.30779583168074565,1,0
407,2025-08-31T07:23:37.496610,CUST2200,Target,LA,810.277776293836,397.4517118695111,7,0.23178359028935003,0,0
408,2025-08-31T07:22:37.496631,CUST3594,Amazon,Miami,107.05512277067186,208.51075677027978,10,0.8843765470229713,1,0
409,2025-08-31T07:21:37.496653,CUST3773,Amazon,Miami,859.4704579527248,379.2108097595551,15,0.6736454174749077,0,0
410,2025-08-31T07:20:37.496676,CUST6164,Amazon,Miami,723.319581378101,204.70573626612955,2,0.5318890790075141,1,0
411,2025-08-31T07:19:37.496699,CUST9912,Shell,LA,517.3586831636932,97.45414450658417,19,0.24153684170168177,1,1
412,2025-08-31T07:18:37.496720,CUST8178,Shell,Houston,636.4660602049436,299.42902763734327,8,0.9862466719514015,0,0
413,2025-08-31T07:17:37.496741,CUST7318,Target,NY,418.69622800570534,225.89328004646924,18,0.3275521651801324,0,0
414,2025-08-31T07:16:37.496763,CUST1204,Amazon,Miami,871.1743314380373,323.0810821848207,7,0.14284196481433187,1,0
415,2025-08-31T07:15:37.496784,CUST6126,Target,NY,514.7233334572677,74.85716959903014,7,0.419271661166022,0,0
416,2025-08-31T07:14:37.496805,CUST8374,ATM,Miami,613.2799192055636,431.5082731332036,11,0.6886316293078756,1,0
417,2025-08-31T07:13:37.496827,CUST4904,ATM,NY,882.1556376660532,371.0319294575822,16,0.2034364751360912,1,0
418,2025-08-31T07:12:37.496857,CUST5434,Shell,LA,336.9602538576813,399.9479372438576,9,0.8825598767723473,0,0
419,2025-08-31T07:11:37.496880,CUST7801,Shell,LA,18.30084484309866,216.67483349261076,8,0.8773504531328387,1,0
420,2025-08-31T07:10:37.496904,CUST5780,Target,LA,185.81467676201572,376.6791390230625,13,0.8038145451934468,0,0
421,2025-08-31T07:09:37.496926,CUST1002,Shell,Houston,235.39069378522356,472.4220510449145,11,0.656729484721608,0,1
422,2025-08-31T07:08:37.496955,CUST1670,McDonalds,LA,929.6419602507491,202.0287378466155,15,0.04865766366171331,1,0
423,2025-08-31T07:07:37.496979,CUST3854,Target,Houston,767.6824742849217,300.1825221110547,17,0.014628258877675715,0,0
424,2025-08-31T07:06:37.497008,CUST3942,McDonalds,Miami,622.3714161267108,376.28152985556187,17,0.25823101966616,0,0
425,2025-08-31T07:05:37.497032,CUST6876,Target,Houston,599.1695294603503,333.98371377337935,10,0.4149712154000782,0,0
426,2025-08-31T07:04:37.497054,CUST8404,Shell,LA,274.5879848247836,117.08200665177677,12,0.7243444063295397,0,0
427,2025-08-31T07:03:37.497084,CUST7539,Shell,LA,191.9807789112464,56.94640130281955,18,0.9584978356677402,0,0
428,2025-08-31T07:02:37.497108,CUST3725,Shell,Miami,275.5863092213565,352.3322827813079,1,0.5287244190984357,1,0
429,2025-08-31T07:01:37.497129,CUST3915,Target,Miami,194.97195214628528,353.4276602689893,15,0.8216479329617712,1,0
430,2025-08-31T07:00:37.497153,CUST4940,McDonalds,Houston,762.0470742761278,110.10675473228099,1,0.4323462264033473,0,1
431,2025-08-31T06:59:37.497174,CUST9799,Shell,Miami,466.6701808071029,146.72208798054362,14,0.6668473913056581,1,0
432,2025-08-31T06:58:37.497195,CUST9092,ATM,LA,431.840007181686,116.51127298397367,2,0.7480047363714034,0,0
433,2025-08-31T06:57:37.497218,CUST9490,ATM,Chicago,578.8188868634676,52.28283870433657,10,0.005718581360789288,0,1
434,2025-08-31T06:56:37.497239,CUST3850,McDonalds,Chicago,245.2890028305835,39.36839689265586,19,0.4060118017061106,1,0
435,2025-08-31T06:55:37.497260,CUST1165,Target,NY,316.21409926430226,334.0841626365055,4,0.03893801668766561,0,0
436,2025-08-31T06:54:37.497281,CUST5804,ATM,Miami,514.0775393056017,22.56615721009494,10,0.3905936075817822,1,0
437,2025-08-31T06:53:37.497303,CUST1572,Shell,NY,990.725761280437,383.23048019291264,16,0.5968518768877594,1,0
438,2025-08-31T06:52:37.497324,CUST4262,Shell,Miami,382.23202008376876,198.31325295652843,19,0.4430593623304211,1,0
439,2025-08-31T06:51:37.497345,CUST5383,Shell,Miami,651.2613850589102,406.1187486451872,18,0.3624313226158291,1,0
440,2025-08-31T06:50:37.497367,CUST4716,Amazon,Chicago,376.2570053302717,472.01215359585467,9,0.06980065461462892,1,0
441,2025-08-31T06:49:37.497388,CUST2678,McDonalds,LA,160.42553584318887,325.2513568768212,15,0.4529110702676108,1,0
442,2025-08-31T06:48:37.497410,CUST9566,Shell,Chicago,173.87978643403855,29.189536638481606,15,0.8381549749886426,1,0
443,2025-08-31T06:47:37.497431,CUST9281,ATM,Miami,687.2720402189757,456.90225673652316,2,0.5726072328820224,1,0
444,2025-08-31T06:46:37.497457,CUST7055,Shell,Houston,644.3647222720159,57.70775884338903,8,0.06652760821085524,1,0
445,2025-08-31T06:45:37.497483,CUST6866,ATM,Chicago,89.14255120675166,311.2865386592668,15,0.6834537774075089,0,0
446,2025-08-31T06:44:37.497507,CUST3259,ATM,LA,738.7389553418238,157.52938348501903,17,0.622630533598658,0,0
447,2025-08-31T06:43:37.497529,CUST7419,McDonalds,Miami,620.8966068750952,471.57118385096044,12,0.8169739072718367,1,0
448,2025-08-31T06:42:37.497551,CUST7065,McDonalds,LA,892.4336377402798,166.90470249093823,2,0.47495096526374825,1,0
449,2025-08-31T06:41:37.497572,CUST7628,McDonalds,Chicago,272.2193566163744,68.46949127252532,5,0.7592925069184736,1,0
450,2025-08-31T06:40:37.497594,CUST7026,ATM,Houston,118.85936101929677,24.178950590020918,10,0.25646306101676597,0,0
451,2025-08-31T06:39:37.497616,CUST6457,Target,Chicago,356.9282031478303,165.18993400060475,14,0.8038048904834751,0,0
452,2025-08-31T06:38:37.497640,CUST8522,McDonalds,Houston,481.1036356746821,394.66689290586265,17,0.4417464916377071,0,0
453,2025-08-31T06:37:37.497661,CUST7327,Target,NY,309.9311507026062,414.7429813689701,13,0.347062368499395,1,1
454,2025-08-31T06:36:37.497683,CUST7094,ATM,NY,668.8762755082101,392.98365711284293,9,0.9404192073007469,1,0
455,2025-08-31T06:35:37.497704,CUST1446,McDonalds,Houston,199.19068463255715,254.90841795516258,6,0.8382304210818006,0,0
456,2025-08-31T06:34:37.497725,CUST1186,Amazon,Miami,121.42666623365646,403.8645985369854,13,0.951444825663092,0,0
457,2025-08-31T06:33:37.497746,CUST1269,McDonalds,Houston,512.5976385540416,373.3951088642399,7,0.9323227582288776,0,0
458,2025-08-31T06:32:37.497768,CUST9411,ATM,Chicago,663.3589233310431,87.78730081911175,3,0.1828377798688171,1,0
459,2025-08-31T06:31:37.497791,CUST3294,Amazon,Chicago,903.6748249402569,309.8484716193334,10,0.36739072869707046,0,0
460,2025-08-31T06:30:37.497813,CUST8869,McDonalds,NY,340.7929240465237,370.1426095191986,9,0.25264603062128665,0,0
461,2025-08-31T06:29:37.497834,CUST5620,ATM,LA,874.7014144386592,139.8410973153105,18,0.05351446291304329,1,0
462,2025-08-31T06:28:37.497857,CUST1910,ATM,NY,751.5144351191481,92.98331236375606,8,0.9207396503426354,0,0
463,2025-08-31T06:27:37.497878,CUST2134,Shell,Miami,944.9424035102397,312.7719481261048,7,0.006435211496795712,1,0
464,2025-08-31T06:26:37.497899,CUST1721,Amazon,Miami,761.7727642430059,94.15625792236439,18,0.3978657030174272,1,0
465,2025-08-31T06:25:37.497929,CUST2647,Amazon,Chicago,478.30937892090395,343.71183287071113,15,0.9106057172144217,1,0
466,2025-08-31T06:24:37.497952,CUST8069,Amazon,NY,774.6849781555628,79.23239129868628,9,0.8391803949802986,0,0
467,2025-08-31T06:23:37.497973,CUST4871,McDonalds,NY,797.0273654151468,381.7923538054422,13,0.11159299995724747,0,0
468,2025-08-31T06:22:37.498616,CUST4303,Target,Chicago,193.19340452286968,462.7363926416494,11,0.5684648985079399,0,0
469,2025-08-31T06:21:37.498648,CUST4924,Target,Miami,773.9075625667538,133.72799595519135,13,0.8268585609727531,1,0
470,2025-08-31T06:20:37.498675,CUST7999,Amazon,Miami,92.11092070764171,155.74454272183988,19,0.29377590617439076,1,0
471,2025-08-31T06:19:37.498696,CUST2051,Target,Miami,933.5390623205097,147.4382755659547,19,0.5063303093542678,1,0
472,2025-08-31T06:18:37.498717,CUST1307,Target,NY,281.07735632632927,155.17570021070324,9,0.34688597636438556,1,0
473,2025-08-31T06:17:37.498737,CUST9039,Shell,Houston,990.1583018564314,169.70212916658812,1,0.08898971485634666,1,0
474,2025-08-31T06:16:37.498758,CUST7513,McDonalds,Houston,835.3989313043495,469.032566493198,9,0.2399893638699575,1,0
475,2025-08-31T06:15:37.498779,CUST9728,Target,Chicago,597.2367699562404,92.22669008287879,10,0.9047663416801179,1,0
476,2025-08-31T06:14:37.498800,CUST6314,Target,Chicago,755.0987422963634,297.3877340931624,16,0.7842061743652669,0,0
477,2025-08-31T06:13:37.498821,CUST7305,Target,Houston,216.3850408094956,338.49132507845707,12,0.9091752640535857,0,0
478,2025-08-31T06:12:37.498842,CUST5765,Shell,LA,302.36284958273563,71.38744570600932,17,0.8224946492902271,0,0
479,2025-08-31T06:11:37.498863,CUST9185,Target,Houston,736.2512181579198,275.09835881086656,15,0.4338439228552442,0,0
480,2025-08-31T06:10:37.498885,CUST8279,McDonalds,Houston,585.6870118230593,207.25771265040282,18,0.10585323587790885,0,0
481,2025-08-31T06:09:37.498906,CUST8409,Target,NY,568.7722326109357,335.3746391523715,17,0.08273403962367076,0,0
482,2025-08-31T06:08:37.498926,CUST1310,ATM,Chicago,801.9757969013481,70.13816868807267,13,0.5850784422062031,0,0
483,2025-08-31T06:07:37.498948,CUST3866,Shell,Houston,71.89800919010834,305.52674216091657,12,0.10326500887504841,1,0
484,2025-08-31T06:06:37.498968,CUST8036,McDonalds,LA,790.5448369319321,379.11719666608906,9,0.031778484357324444,1,0
485,2025-08-31T06:05:37.498989,CUST2587,Amazon,Houston,434.0777004426001,186.80902175060223,1,0.4579289944340279,1,1
486,2025-08-31T06:04:37.499009,CUST7837,Target,Miami,989.4846069507333,295.72964281865876,15,0.8206961607667793,1,0
487,2025-08-31T06:03:37.499042,CUST6904,Amazon,LA,896.4047602866963,401.0861052127831,13,0.08468834187530683,0,0
488,2025-08-31T06:02:37.499063,CUST8693,ATM,Miami,361.54298338831535,458.18837347355617,13,0.4591240232866809,0,0
489,2025-08-31T06:01:37.499084,CUST8984,Amazon,LA,208.22552511760665,28.043026156343558,15,0.4755961918220083,1,0
490,2025-08-31T06:00:37.499105,CUST7928,Amazon,Miami,253.52330163428718,333.99687405732726,7,0.41766699581699473,0,0
491,2025-08-31T05:59:37.499127,CUST8504,Shell,Chicago,514.7388451526451,391.3146088307458,4,0.6813530132413488,1,1
492,2025-08-31T05:58:37.499147,CUST2073,Amazon,Chicago,834.4757904227964,411.0420822607948,4,0.4131725172077195,1,0
493,2025-08-31T05:57:37.499168,CUST4907,Shell,Houston,540.0940200676696,153.48776723185108,16,0.04191521671625753,0,0
494,2025-08-31T05:56:37.499188,CUST1757,Shell,NY,223.98823348702962,268.77256469487025,7,0.22044600424541894,1,0
495,2025-08-31T05:55:37.499209,CUST6244,Amazon,Chicago,54.963359532002976,243.014321028306,10,0.3148258293516488,1,0
496,2025-08-31T05:54:37.499230,CUST5266,ATM,Miami,679.050880872153,225.6597938474218,6,0.943174822961285,0,0
497,2025-08-31T05:53:37.499251,CUST9479,Target,LA,434.14519780930954,201.93943298385682,15,0.4840205725094041,1,0
498,2025-08-31T05:52:37.499271,CUST7519,Shell,Chicago,278.0126821765745,452.75984253779245,10,0.006379043406590679,0,0
499,2025-08-31T05:51:37.499291,CUST1725,Shell,NY,698.2116358795648,175.68598769362674,16,0.6193434541369114,0,0
500,2025-08-31T05:50:37.499313,CUST9790,Amazon,LA,990.3806422746801,32.36940740688855,17,0.30449253274895083,0,0
